--liquibase formatted sql
--changeset antigravity:seed-comprehensive-orgs-v1 splitStatements:true

-- Nettoyage preventif
DELETE FROM fleet.geofence_zones WHERE id IN ('66666666-0000-4000-8000-000000000001', '66666666-0000-4000-8000-000000000002', '66666666-0000-4000-8000-000000000003', '77777777-0000-4000-8000-000000000001');
DELETE FROM fleet.trips WHERE status IN ('ONGOING', 'SCHEDULED', 'DEPARTED') AND start_date > '2026-07-01';
DELETE FROM fleet.vehicles WHERE license_plate IN ('LT 111 AB', 'LT 112 AB', 'LT 113 AB', 'LT 211 CD', 'LT 212 CD', 'LT 311 EF', 'DU 101 AB', 'DU 102 AB', 'DU 201 CD', 'DU 202 CD', 'DU 301 EF', 'BF 101 AB', 'BF 102 AB', 'BF 201 CD', 'BF 301 EF', 'BF 302 EF');
DELETE FROM fleet.fleets WHERE name IN ('Transport Urbain', 'Logistique Lourde', 'Parc Maintenance', 'Port Logistics', 'Industrial Deliveries', 'Regional Transport', 'Intercity Buses', 'VIP Shuttles', 'Courier Services');
DELETE FROM fleet.fleet_managers WHERE company_name IN ('Yaoundé Transport Solutions', 'DOUALA LOGISTICS EXPRESS', 'BAFOUSSAM VOYAGES');
DELETE FROM fleet.users WHERE email LIKE '%@gmail.com' AND first_name IN ('Jean', 'Paul', 'Claire', 'Alain', 'Marie', 'Sophie', 'Marc', 'Pierre', 'Élise', 'Charles', 'David', 'Dir', 'DDeux', 'DTrois');

-- 1. UTILISATEURS (ORG 1)
INSERT INTO fleet.users (id, username, email, first_name, last_name, is_active, approval_status) VALUES
('11111111-0000-4000-8000-000000000001', 'admin1', 'admin1@gmail.com', 'Jean', 'Nkoudou', true, 'APPROVED'),
('11111111-0000-4000-8000-000000000002', 'gest11', 'gest11@gmail.com', 'Paul', 'Ngassa', true, 'APPROVED'),
('11111111-0000-4000-8000-000000000003', 'gest12', 'gest12@gmail.com', 'Claire', 'Mbida', true, 'APPROVED'),
('11111111-0000-4000-8000-000000000004', 'gest13', 'gest13@gmail.com', 'Alain', 'Tchoffo', true, 'APPROVED'),
('11111111-0000-4000-8000-111111110001', 'driver11', 'driver11@gmail.com', 'Dir', 'Un', true, 'APPROVED'),
('11111111-0000-4000-8000-111111110002', 'driver12', 'driver12@gmail.com', 'Dir', 'Deux', true, 'APPROVED'),
('11111111-0000-4000-8000-111111110003', 'driver13', 'driver13@gmail.com', 'Dir', 'Trois', true, 'APPROVED'),
('11111111-0000-4000-8000-111111110004', 'driver14', 'driver14@gmail.com', 'Dir', 'Quatre', true, 'APPROVED'),
('11111111-0000-4000-8000-111111110005', 'driver15', 'driver15@gmail.com', 'Dir', 'Cinq', true, 'APPROVED');

-- 1. UTILISATEURS (ORG 2)
INSERT INTO fleet.users (id, username, email, first_name, last_name, is_active, approval_status) VALUES
('22222222-0000-4000-8000-000000000001', 'admin2', 'admin2@gmail.com', 'Marie', 'Kameni', true, 'APPROVED'),
('22222222-0000-4000-8000-000000000002', 'gest21', 'gest21@gmail.com', 'Jean', 'Mbarga', true, 'APPROVED'),
('22222222-0000-4000-8000-000000000003', 'gest22', 'gest22@gmail.com', 'Sophie', 'Etoa', true, 'APPROVED'),
('22222222-0000-4000-8000-000000000004', 'gest23', 'gest23@gmail.com', 'Marc', 'Nanga', true, 'APPROVED'),
('22222222-0000-4000-8000-222222220001', 'driver21', 'driver21@gmail.com', 'DDeux', 'Un', true, 'APPROVED'),
('22222222-0000-4000-8000-222222220002', 'driver22', 'driver22@gmail.com', 'DDeux', 'Deux', true, 'APPROVED'),
('22222222-0000-4000-8000-222222220003', 'driver23', 'driver23@gmail.com', 'DDeux', 'Trois', true, 'APPROVED'),
('22222222-0000-4000-8000-222222220004', 'driver24', 'driver24@gmail.com', 'DDeux', 'Quatre', true, 'APPROVED'),
('22222222-0000-4000-8000-222222220005', 'driver25', 'driver25@gmail.com', 'DDeux', 'Cinq', true, 'APPROVED');

-- 1. UTILISATEURS (ORG 3)
INSERT INTO fleet.users (id, username, email, first_name, last_name, is_active, approval_status) VALUES
('33333333-0000-4000-8000-000000000001', 'admin3', 'admin3@gmail.com', 'Pierre', 'Tchakounte', true, 'APPROVED'),
('33333333-0000-4000-8000-000000000002', 'gest31', 'gest31@gmail.com', 'Elise', 'Fotso', true, 'APPROVED'),
('33333333-0000-4000-8000-000000000003', 'gest32', 'gest32@gmail.com', 'Charles', 'Kamga', true, 'APPROVED'),
('33333333-0000-4000-8000-000000000004', 'gest33', 'gest33@gmail.com', 'David', 'Nana', true, 'APPROVED'),
('33333333-0000-4000-8000-333333330001', 'driver31', 'driver31@gmail.com', 'DTrois', 'Un', true, 'APPROVED'),
('33333333-0000-4000-8000-333333330002', 'driver32', 'driver32@gmail.com', 'DTrois', 'Deux', true, 'APPROVED'),
('33333333-0000-4000-8000-333333330003', 'driver33', 'driver33@gmail.com', 'DTrois', 'Trois', true, 'APPROVED'),
('33333333-0000-4000-8000-333333330004', 'driver34', 'driver34@gmail.com', 'DTrois', 'Quatre', true, 'APPROVED'),
('33333333-0000-4000-8000-333333330005', 'driver35', 'driver35@gmail.com', 'DTrois', 'Cinq', true, 'APPROVED');

-- 2. MANAGERS (ORG 1)
INSERT INTO fleet.fleet_managers (user_id, company_name, address, phone) VALUES
('11111111-0000-4000-8000-000000000001', 'Yaoundé Transport Solutions', 'Bastos, Yaoundé', '+237 6 11 11 11'),
('11111111-0000-4000-8000-000000000002', 'Yaoundé Transport Solutions', NULL, '+237 6 22 22 22'),
('11111111-0000-4000-8000-000000000003', 'Yaoundé Transport Solutions', NULL, '+237 6 33 33 33'),
('11111111-0000-4000-8000-000000000004', 'Yaoundé Transport Solutions', NULL, '+237 6 44 44 44');

-- 2. MANAGERS (ORG 2)
INSERT INTO fleet.fleet_managers (user_id, company_name, address, phone) VALUES
('22222222-0000-4000-8000-000000000001', 'DOUALA LOGISTICS EXPRESS', 'Akwa, Douala', '+237 7 11 11 11'),
('22222222-0000-4000-8000-000000000002', 'DOUALA LOGISTICS EXPRESS', NULL, '+237 7 22 22 22'),
('22222222-0000-4000-8000-000000000003', 'DOUALA LOGISTICS EXPRESS', NULL, '+237 7 33 33 33'),
('22222222-0000-4000-8000-000000000004', 'DOUALA LOGISTICS EXPRESS', NULL, '+237 7 44 44 44');

-- 2. MANAGERS (ORG 3)
INSERT INTO fleet.fleet_managers (user_id, company_name, address, phone) VALUES
('33333333-0000-4000-8000-000000000001', 'BAFOUSSAM VOYAGES', 'Centre Ville, Baf', '+237 8 11 11 11'),
('33333333-0000-4000-8000-000000000002', 'BAFOUSSAM VOYAGES', NULL, '+237 8 22 22 22'),
('33333333-0000-4000-8000-000000000003', 'BAFOUSSAM VOYAGES', NULL, '+237 8 33 33 33'),
('33333333-0000-4000-8000-000000000004', 'BAFOUSSAM VOYAGES', NULL, '+237 8 44 44 44');

-- 3. FLOTTES (ORG 1)
INSERT INTO fleet.fleets (id, manager_id, name) VALUES
('f1111111-0000-4000-8000-000000000001', '11111111-0000-4000-8000-000000000002', 'Transport Urbain'),
('f1111111-0000-4000-8000-000000000002', '11111111-0000-4000-8000-000000000003', 'Logistique Lourde'),
('f1111111-0000-4000-8000-000000000003', '11111111-0000-4000-8000-000000000004', 'Parc Maintenance');

-- 3. FLOTTES (ORG 2)
INSERT INTO fleet.fleets (id, manager_id, name) VALUES
('f2222222-0000-4000-8000-000000000001', '22222222-0000-4000-8000-000000000002', 'Port Logistics'),
('f2222222-0000-4000-8000-000000000002', '22222222-0000-4000-8000-000000000003', 'Industrial Deliveries'),
('f2222222-0000-4000-8000-000000000003', '22222222-0000-4000-8000-000000000004', 'Regional Transport');

-- 3. FLOTTES (ORG 3)
INSERT INTO fleet.fleets (id, manager_id, name) VALUES
('f3333333-0000-4000-8000-000000000001', '33333333-0000-4000-8000-000000000002', 'Intercity Buses'),
('f3333333-0000-4000-8000-000000000002', '33333333-0000-4000-8000-000000000003', 'VIP Shuttles'),
('f3333333-0000-4000-8000-000000000003', '33333333-0000-4000-8000-000000000004', 'Courier Services');

-- 4. VEHICULES (ORG 1)
INSERT INTO fleet.vehicles (id, license_plate, brand, model, manager_id, fleet_id, status) VALUES
('v1111111-0000-4000-8000-000000000101', 'LT 111 AB', 'Toyota', 'Hiace', '11111111-0000-4000-8000-000000000002', 'f1111111-0000-4000-8000-000000000001', 'ON_TRIP'),
('v1111111-0000-4000-8000-000000000102', 'LT 112 AB', 'Toyota', 'Hiace', '11111111-0000-4000-8000-000000000002', 'f1111111-0000-4000-8000-000000000001', 'AVAILABLE'),
('v1111111-0000-4000-8000-000000000103', 'LT 113 AB', 'Mercedes', 'Sprinter', '11111111-0000-4000-8000-000000000002', 'f1111111-0000-4000-8000-000000000001', 'MAINTENANCE'),
('v1111111-0000-4000-8000-000000000201', 'LT 211 CD', 'Scania', 'R500', '11111111-0000-4000-8000-000000000003', 'f1111111-0000-4000-8000-000000000002', 'ON_TRIP'),
('v1111111-0000-4000-8000-000000000202', 'LT 212 CD', 'Volvo', 'FH', '11111111-0000-4000-8000-000000000003', 'f1111111-0000-4000-8000-000000000002', 'AVAILABLE'),
('v1111111-0000-4000-8000-000000000301', 'LT 311 EF', 'Renault', 'Truck', '11111111-0000-4000-8000-000000000004', 'f1111111-0000-4000-8000-000000000003', 'MAINTENANCE');

-- 4. VEHICULES (ORG 2)
INSERT INTO fleet.vehicles (id, license_plate, brand, model, manager_id, fleet_id, status) VALUES
('v2222222-0000-4000-8000-000000000101', 'DU 101 AB', 'MAN', 'Truck', '22222222-0000-4000-8000-000000000002', 'f2222222-0000-4000-8000-000000000001', 'ON_TRIP'),
('v2222222-0000-4000-8000-000000000102', 'DU 102 AB', 'MAN', 'Truck', '22222222-0000-4000-8000-000000000002', 'f2222222-0000-4000-8000-000000000001', 'AVAILABLE'),
('v2222222-0000-4000-8000-000000000201', 'DU 201 CD', 'Volvo', 'Benne', '22222222-0000-4000-8000-000000000003', 'f2222222-0000-4000-8000-000000000002', 'AVAILABLE'),
('v2222222-0000-4000-8000-000000000202', 'DU 202 CD', 'Volvo', 'Benne', '22222222-0000-4000-8000-000000000003', 'f2222222-0000-4000-8000-000000000002', 'AVAILABLE'),
('v2222222-0000-4000-8000-000000000301', 'DU 301 EF', 'Renault', 'Semi', '22222222-0000-4000-8000-000000000004', 'f2222222-0000-4000-8000-000000000003', 'AVAILABLE');

-- 4. VEHICULES (ORG 3)
INSERT INTO fleet.vehicles (id, license_plate, brand, model, manager_id, fleet_id, status) VALUES
('v3333333-0000-4000-8000-000000000101', 'BF 101 AB', 'Marcopolo', 'Bus', '33333333-0000-4000-8000-000000000002', 'f3333333-0000-4000-8000-000000000001', 'ON_TRIP'),
('v3333333-0000-4000-8000-000000000102', 'BF 102 AB', 'Marcopolo', 'Bus', '33333333-0000-4000-8000-000000000002', 'f3333333-0000-4000-8000-000000000001', 'AVAILABLE'),
('v3333333-0000-4000-8000-000000000201', 'BF 201 CD', 'Toyota', 'Berline', '33333333-0000-4000-8000-000000000003', 'f3333333-0000-4000-8000-000000000002', 'AVAILABLE'),
('v3333333-0000-4000-8000-000000000301', 'BF 301 EF', 'Peugeot', 'Fourgon', '33333333-0000-4000-8000-000000000004', 'f3333333-0000-4000-8000-000000000003', 'AVAILABLE'),
('v3333333-0000-4000-8000-000000000302', 'BF 302 EF', 'Peugeot', 'Fourgon', '33333333-0000-4000-8000-000000000004', 'f3333333-0000-4000-8000-000000000003', 'AVAILABLE');

-- 5. CONDUCTEURS (ORG 1)
INSERT INTO fleet.drivers (user_id, fleet_id, licence_number, status, assigned_vehicle_id) VALUES
('11111111-0000-4000-8000-111111110001', 'f1111111-0000-4000-8000-000000000001', 'LIC-001-11', 'ACTIVE', 'v1111111-0000-4000-8000-000000000101'),
('11111111-0000-4000-8000-111111110002', 'f1111111-0000-4000-8000-000000000001', 'LIC-001-12', 'ACTIVE', 'v1111111-0000-4000-8000-000000000102'),
('11111111-0000-4000-8000-111111110003', 'f1111111-0000-4000-8000-000000000001', 'LIC-001-13', 'ACTIVE', 'v1111111-0000-4000-8000-000000000103'),
('11111111-0000-4000-8000-111111110004', 'f1111111-0000-4000-8000-000000000001', 'LIC-001-14', 'INACTIVE', NULL),
('11111111-0000-4000-8000-111111110005', 'f1111111-0000-4000-8000-000000000002', 'LIC-001-15', 'ACTIVE', 'v1111111-0000-4000-8000-000000000201');

-- 5. CONDUCTEURS (ORG 2)
INSERT INTO fleet.drivers (user_id, fleet_id, licence_number, status, assigned_vehicle_id) VALUES
('22222222-0000-4000-8000-222222220001', 'f2222222-0000-4000-8000-000000000001', 'LIC-002-21', 'ACTIVE', 'v2222222-0000-4000-8000-000000000101'),
('22222222-0000-4000-8000-222222220002', 'f2222222-0000-4000-8000-000000000001', 'LIC-002-22', 'ACTIVE', 'v2222222-0000-4000-8000-000000000102'),
('22222222-0000-4000-8000-222222220003', 'f2222222-0000-4000-8000-000000000002', 'LIC-002-23', 'ACTIVE', 'v2222222-0000-4000-8000-000000000201'),
('22222222-0000-4000-8000-222222220004', 'f2222222-0000-4000-8000-000000000002', 'LIC-002-24', 'ACTIVE', 'v2222222-0000-4000-8000-000000000202'),
('22222222-0000-4000-8000-222222220005', 'f2222222-0000-4000-8000-000000000003', 'LIC-002-25', 'ACTIVE', 'v2222222-0000-4000-8000-000000000301');

-- 5. CONDUCTEURS (ORG 3)
INSERT INTO fleet.drivers (user_id, fleet_id, licence_number, status, assigned_vehicle_id) VALUES
('33333333-0000-4000-8000-333333330001', 'f3333333-0000-4000-8000-000000000001', 'LIC-003-31', 'ACTIVE', 'v3333333-0000-4000-8000-000000000101'),
('33333333-0000-4000-8000-333333330002', 'f3333333-0000-4000-8000-000000000001', 'LIC-003-32', 'ACTIVE', 'v3333333-0000-4000-8000-000000000102'),
('33333333-0000-4000-8000-333333330003', 'f3333333-0000-4000-8000-000000000002', 'LIC-003-33', 'ACTIVE', 'v3333333-0000-4000-8000-000000000201'),
('33333333-0000-4000-8000-333333330004', 'f3333333-0000-4000-8000-000000000003', 'LIC-003-34', 'ACTIVE', 'v3333333-0000-4000-8000-000000000301'),
('33333333-0000-4000-8000-333333330005', 'f3333333-0000-4000-8000-000000000003', 'LIC-003-35', 'ACTIVE', 'v3333333-0000-4000-8000-000000000302');

-- 6. GEOFENCES (ORG 1)
INSERT INTO fleet.geofence_zones (id, manager_id, fleet_id, zone_type) VALUES
('66666666-0000-4000-8000-000000000001', '11111111-0000-4000-8000-000000000002', 'f1111111-0000-4000-8000-000000000001', 'CIRCLE'),
('66666666-0000-4000-8000-000000000002', '11111111-0000-4000-8000-000000000003', 'f1111111-0000-4000-8000-000000000002', 'CIRCLE'),
('66666666-0000-4000-8000-000000000003', '11111111-0000-4000-8000-000000000003', 'f1111111-0000-4000-8000-000000000002', 'POLYGON');

-- 6. GEOFENCES (ORG 2)
INSERT INTO fleet.geofence_zones (id, manager_id, fleet_id, zone_type) VALUES
('77777777-0000-4000-8000-000000000001', '22222222-0000-4000-8000-000000000002', 'f2222222-0000-4000-8000-000000000001', 'CIRCLE');

-- 7. OPERATIONS / TRAJETS ET INCIDENTS (ORG 1)
INSERT INTO fleet.trips (id, vehicle_id, driver_id, fleet_id, created_by, start_date, start_time, status, distance_km) VALUES
('t1111111-0000-4000-8000-000000000001', 'v1111111-0000-4000-8000-000000000101', '11111111-0000-4000-8000-111111110001', 'f1111111-0000-4000-8000-000000000001', '11111111-0000-4000-8000-000000000002', '2026-07-13', '08:00', 'DEPARTED', 25.0),
('t1111111-0000-4000-8000-000000000002', 'v1111111-0000-4000-8000-000000000102', '11111111-0000-4000-8000-111111110002', 'f1111111-0000-4000-8000-000000000001', '11111111-0000-4000-8000-000000000002', '2026-07-12', '09:00', 'COMPLETED', 15.2),
('t1111111-0000-4000-8000-000000000003', 'v1111111-0000-4000-8000-000000000201', '11111111-0000-4000-8000-111111110005', 'f1111111-0000-4000-8000-000000000002', '11111111-0000-4000-8000-000000000003', '2026-07-14', '08:00', 'SCHEDULED', 100.0);

INSERT INTO fleet.incidents (id, vehicle_id, driver_id, type, severity, status, description) VALUES
('i1111111-0000-4000-8000-000000000001', 'v1111111-0000-4000-8000-000000000201', '11111111-0000-4000-8000-111111110005', 'ACCIDENT', 'HIGH', 'REPORTED', 'Accrochage sur la route de Mbalmayo'),
('i1111111-0000-4000-8000-000000000002', 'v1111111-0000-4000-8000-000000000103', NULL, 'PANNE', 'MEDIUM', 'UNDER_INVESTIGATION', 'Moteur qui chauffe anormalement');

INSERT INTO fleet.fuel_recharges (id, vehicle_id, driver_id, quantity, price, station_name, recharge_date) VALUES
('r1111111-0000-4000-8000-000000000001', 'v1111111-0000-4000-8000-000000000101', '11111111-0000-4000-8000-111111110001', 50, 45000, 'TOTAL Bastos', '2026-07-12');

-- 7. OPERATIONS / TRAJETS ET INCIDENTS (ORG 2 & 3)
INSERT INTO fleet.trips (id, vehicle_id, driver_id, fleet_id, created_by, start_date, start_time, status, distance_km) VALUES
('t2222222-0000-4000-8000-000000000001', 'v2222222-0000-4000-8000-000000000101', '22222222-0000-4000-8000-222222220001', 'f2222222-0000-4000-8000-000000000001', '22222222-0000-4000-8000-000000000002', '2026-07-13', '08:00', 'DEPARTED', 85.0),
('t3333333-0000-4000-8000-000000000001', 'v3333333-0000-4000-8000-000000000101', '33333333-0000-4000-8000-333333330001', 'f3333333-0000-4000-8000-000000000001', '33333333-0000-4000-8000-000000000002', '2026-07-13', '07:30', 'DEPARTED', 60.0);
