-- ============================================================
-- SEED MASSIF FleetMan — 20+ enregistrements par table
-- Manager 1 : 22222222-0002-0002-0002-000000000001 (Jean Dupont)
-- Manager 2 : 22222222-0002-0002-0002-000000000002 (Paul Foka)
-- Flottes M1 : f1111111-...-001, f1111111-...-002, f1111111-...-003
-- Flottes M2 : f2222222-...-001, f2222222-...-002
-- ============================================================

SET search_path TO fleet, public;

-- ── 0. Flotte supplémentaire pour M1 ─────────────────────────────────────────
INSERT INTO fleet.fleets (id, name, manager_id, creation_date)
VALUES ('f1111111-f111-f111-f111-000000000003', 'Flotte Inter-urbaine Yaoundé', '22222222-0002-0002-0002-000000000001', NOW())
ON CONFLICT (id) DO NOTHING;

-- ── 1. VÉHICULES (20 total — 7 existants + 13 nouveaux) ──────────────────────
INSERT INTO fleet.vehicles (
  id, license_plate, brand, model, status, fleet_id, manager_id,
  fuel_type, manufacturing_year, color, tank_capacity, average_fuel_consumption,
  total_seat_number, transmission_type, created_at
) VALUES
('a1111111-a111-a111-a111-000000000006','YA-006-AA','Toyota','Hiace','AVAILABLE','f1111111-f111-f111-f111-000000000001','22222222-0002-0002-0002-000000000001','DIESEL',2021,'Blanc',70,9.5,15,'MANUAL',NOW()),
('a1111111-a111-a111-a111-000000000007','YA-007-BB','Hyundai','H350','AVAILABLE','f1111111-f111-f111-f111-000000000001','22222222-0002-0002-0002-000000000001','DIESEL',2020,'Gris',65,8.8,14,'MANUAL',NOW()),
('a1111111-a111-a111-a111-000000000008','YA-008-CC','Toyota','Land Cruiser','MAINTENANCE','f1111111-f111-f111-f111-000000000002','22222222-0002-0002-0002-000000000001','DIESEL',2019,'Noir',90,12.0,9,'AUTOMATIC',NOW()),
('a1111111-a111-a111-a111-000000000009','YA-009-DD','Ford','Transit','AVAILABLE','f1111111-f111-f111-f111-000000000002','22222222-0002-0002-0002-000000000001','DIESEL',2022,'Blanc',75,8.2,12,'MANUAL',NOW()),
('a1111111-a111-a111-a111-000000000010','YA-010-EE','Isuzu','NPR','AVAILABLE','f1111111-f111-f111-f111-000000000003','22222222-0002-0002-0002-000000000001','DIESEL',2021,'Bleu',100,14.5,3,'MANUAL',NOW()),
('a1111111-a111-a111-a111-000000000011','YA-011-FF','Mitsubishi','L200','OUT_OF_SERVICE','f1111111-f111-f111-f111-000000000003','22222222-0002-0002-0002-000000000001','DIESEL',2018,'Rouge',65,11.0,5,'MANUAL',NOW()),
('a1111111-a111-a111-a111-000000000012','YA-012-GG','Mercedes-Benz','Vito','AVAILABLE','f1111111-f111-f111-f111-000000000003','22222222-0002-0002-0002-000000000001','DIESEL',2023,'Argent',70,9.0,9,'AUTOMATIC',NOW()),
('a2222222-a222-a222-a222-000000000003','BN-003-HH','Toyota','Coaster','AVAILABLE','f2222222-f222-f222-f222-000000000001','22222222-0002-0002-0002-000000000002','DIESEL',2022,'Blanc',80,11.5,30,'MANUAL',NOW()),
('a2222222-a222-a222-a222-000000000004','BN-004-II','Nissan','Urvan','AVAILABLE','f2222222-f222-f222-f222-000000000001','22222222-0002-0002-0002-000000000002','DIESEL',2021,'Jaune',65,9.2,15,'MANUAL',NOW()),
('a2222222-a222-a222-a222-000000000005','BN-005-JJ','Iveco','Eurocargo','MAINTENANCE','f2222222-f222-f222-f222-000000000002','22222222-0002-0002-0002-000000000002','DIESEL',2020,'Blanc',150,18.0,3,'MANUAL',NOW()),
('a2222222-a222-a222-a222-000000000006','BN-006-KK','Scania','P280','AVAILABLE','f2222222-f222-f222-f222-000000000002','22222222-0002-0002-0002-000000000002','DIESEL',2019,'Rouge',300,28.0,2,'MANUAL',NOW()),
('a2222222-a222-a222-a222-000000000007','BN-007-LL','MAN','TGS','AVAILABLE','f2222222-f222-f222-f222-000000000002','22222222-0002-0002-0002-000000000002','DIESEL',2021,'Bleu',350,32.0,2,'MANUAL',NOW()),
('a2222222-a222-a222-a222-000000000008','BN-008-MM','Renault','Trafic','AVAILABLE','f2222222-f222-f222-f222-000000000001','22222222-0002-0002-0002-000000000002','DIESEL',2023,'Blanc',75,8.5,9,'MANUAL',NOW())
ON CONFLICT (id) DO NOTHING;


-- ── 2. UTILISATEURS supplémentaires (drivers 6-10, manager 3) ────────────────
INSERT INTO fleet.users (id, username, email, first_name, last_name, is_active, approval_status)
VALUES
('33333333-0003-0003-0003-000000000006','driver.nkodo','driver6@fleetman.cm','Eric','Nkodo',true,'APPROVED'),
('33333333-0003-0003-0003-000000000007','driver.etoa','driver7@fleetman.cm','Jean-Pierre','Etoa',true,'APPROVED'),
('33333333-0003-0003-0003-000000000008','driver.abega','driver8@fleetman.cm','Claude','Abega',true,'APPROVED'),
('33333333-0003-0003-0003-000000000009','driver.zoa','driver9@fleetman.cm','Marcel','Zoa',true,'APPROVED'),
('33333333-0003-0003-0003-000000000010','driver.ngono','driver10@fleetman.cm','Bernard','Ngono',true,'APPROVED'),
('11111111-0001-0001-0001-000000000002','adminfleet','admin@fleetman.cm','Marie','Biya',true,'APPROVED')
ON CONFLICT (id) DO NOTHING;

-- ── 3. DRIVERS supplémentaires ────────────────────────────────────────────────
INSERT INTO fleet.drivers (user_id, fleet_id, licence_number, status, assigned_vehicle_id)
VALUES
('33333333-0003-0003-0003-000000000006','f1111111-f111-f111-f111-000000000002','CM-2020-B-011111','ACTIVE',NULL),
('33333333-0003-0003-0003-000000000007','f1111111-f111-f111-f111-000000000003','CM-2019-B-022222','ACTIVE',NULL),
('33333333-0003-0003-0003-000000000008','f1111111-f111-f111-f111-000000000003','CM-2021-C-033333','ACTIVE',NULL),
('33333333-0003-0003-0003-000000000009','f2222222-f222-f222-f222-000000000002','CM-2018-B-044444','ACTIVE',NULL),
('33333333-0003-0003-0003-000000000010','f2222222-f222-f222-f222-000000000002','CM-2022-B-055555','ACTIVE',NULL)
ON CONFLICT (user_id) DO NOTHING;

-- ── 4. TRAJETS (20 trajets) ───────────────────────────────────────────────────
INSERT INTO fleet.trips (
  id, trip_code, vehicle_id, driver_id, fleet_id, created_by,
  start_date, start_time, status,
  departure_location, departure_km_index, departure_fuel_index,
  end_date, end_time, return_location, return_km_index, return_fuel_index,
  mission_object, mission_cost, rate_type,
  distance_km, duration_minutes, return_registered_at
) VALUES
-- Trajets COMPLETED pour M1
('t0000001-0001-0001-0001-000000000001','TRP-2026-0001','a1111111-a111-a111-a111-000000000001','33333333-0003-0003-0003-000000000001','f1111111-f111-f111-f111-000000000001','22222222-0002-0002-0002-000000000001','2026-06-01','07:30:00','COMPLETED','Yaoundé Centre',87420,62,'2026-06-01','18:45:00','Douala Port',87695,45,'Livraison marchandises Yaoundé-Douala',185000,'FIXED',275,675,NOW()-INTERVAL '28 days'),
('t0000001-0001-0001-0001-000000000002','TRP-2026-0002','a1111111-a111-a111-a111-000000000002','33333333-0003-0003-0003-000000000002','f1111111-f111-f111-f111-000000000001','22222222-0002-0002-0002-000000000001','2026-06-03','06:00:00','COMPLETED','Dépôt Yaoundé',45200,58,'2026-06-03','14:30:00','Bafoussam Marché',45385,40,'Transport personnel Yaoundé-Bafoussam',120000,'FIXED',185,510,NOW()-INTERVAL '26 days'),
('t0000001-0001-0001-0001-000000000003','TRP-2026-0003','a1111111-a111-a111-a111-000000000004','33333333-0003-0003-0003-000000000001','f1111111-f111-f111-f111-000000000002','22222222-0002-0002-0002-000000000001','2026-06-05','08:00:00','COMPLETED','Yaoundé Gare',92100,70,'2026-06-05','20:00:00','Bertoua Centre',92450,35,'Livraison matériaux construction',250000,'FIXED',350,720,NOW()-INTERVAL '24 days'),
('t0000001-0001-0001-0001-000000000004','TRP-2026-0004','a1111111-a111-a111-a111-000000000005','33333333-0003-0003-0003-000000000003','f1111111-f111-f111-f111-000000000002','22222222-0002-0002-0002-000000000001','2026-06-07','07:00:00','COMPLETED','Yaoundé Nord',155000,80,'2026-06-07','16:00:00','Mbalmayo',155140,65,'Transport scolaire interzone',80000,'PER_KM',140,540,NOW()-INTERVAL '22 days'),
('t0000001-0001-0001-0001-000000000005','TRP-2026-0005','a1111111-a111-a111-a111-000000000006','33333333-0003-0003-0003-000000000006','f1111111-f111-f111-f111-000000000001','22222222-0002-0002-0002-000000000001','2026-06-08','06:30:00','COMPLETED','Dépôt Principal',78500,55,'2026-06-08','19:00:00','Douala Akwa',78775,30,'Transport conteneur Yaoundé-Douala',200000,'FIXED',275,750,NOW()-INTERVAL '21 days'),
-- Trajets COMPLETED pour M2
('t0000002-0002-0002-0002-000000000001','TRP-2026-0006','a2222222-a222-a222-a222-000000000001','33333333-0003-0003-0003-000000000004','f2222222-f222-f222-f222-000000000001','22222222-0002-0002-0002-000000000002','2026-06-02','07:00:00','COMPLETED','Bonabéri Dépôt',62000,90,'2026-06-02','17:30:00','Douala Centre',62045,75,'Navette personnel usine',60000,'FIXED',45,630,NOW()-INTERVAL '27 days'),
('t0000002-0002-0002-0002-000000000002','TRP-2026-0007','a2222222-a222-a222-a222-000000000002','33333333-0003-0003-0003-000000000005','f2222222-f222-f222-f222-000000000001','22222222-0002-0002-0002-000000000002','2026-06-04','08:00:00','COMPLETED','Douala Port','122300',100,'2026-06-04','22:00:00','Yaoundé',122600,70,'Transport fret portuaire',320000,'FIXED',300,840,NOW()-INTERVAL '25 days'),
('t0000002-0002-0002-0002-000000000003','TRP-2026-0008','a2222222-a222-a222-a222-000000000003','33333333-0003-0003-0003-000000000009','f2222222-f222-f222-f222-000000000002','22222222-0002-0002-0002-000000000002','2026-06-06','05:00:00','COMPLETED','Terminal Port',34500,250,'2026-06-06','14:00:00','Bafang',34700,200,'Transport cargaison lourde',450000,'FIXED',200,540,NOW()-INTERVAL '23 days'),
('t0000002-0002-0002-0002-000000000004','TRP-2026-0009','a2222222-a222-a222-a222-000000000004','33333333-0003-0003-0003-000000000010','f2222222-f222-f222-f222-000000000001','22222222-0002-0002-0002-000000000002','2026-06-09','07:30:00','COMPLETED','Douala Gare',89200,68,'2026-06-09','12:30:00','Edéa',89295,55,'Livraison rapide Douala-Edéa',75000,'FIXED',95,300,NOW()-INTERVAL '20 days'),
-- Trajets récents (COMPLETED, CANCELLED)
('t0000001-0001-0001-0001-000000000006','TRP-2026-0010','a1111111-a111-a111-a111-000000000007','33333333-0003-0003-0003-000000000007','f1111111-f111-f111-f111-000000000001','22222222-0002-0002-0002-000000000001','2026-06-12','08:00:00','COMPLETED','Yaoundé Terminus',120000,60,'2026-06-12','16:00:00','Ngaoundéré',120580,25,'Transport passagers express',280000,'FIXED',580,480,NOW()-INTERVAL '17 days'),
('t0000001-0001-0001-0001-000000000007','TRP-2026-0011','a1111111-a111-a111-a111-000000000009','33333333-0003-0003-0003-000000000008','f1111111-f111-f111-f111-000000000002','22222222-0002-0002-0002-000000000001','2026-06-14','07:00:00','CANCELLED','Yaoundé Centre',NULL,NULL,NULL,NULL,NULL,NULL,NULL,'Mission transport annulée',0,'FIXED',NULL,NULL,NULL),
('t0000001-0001-0001-0001-000000000008','TRP-2026-0012','a1111111-a111-a111-a111-000000000010','33333333-0003-0003-0003-000000000001','f1111111-f111-f111-f111-000000000003','22222222-0002-0002-0002-000000000001','2026-06-15','06:00:00','COMPLETED','Dépôt Nord',200000,85,'2026-06-15','20:00:00','Ngaoundéré',200570,45,'Transport marchandises',350000,'FIXED',570,840,NOW()-INTERVAL '14 days'),
-- Trajets SCHEDULED (à venir)
('t0000001-0001-0001-0001-000000000009','TRP-2026-0013','a1111111-a111-a111-a111-000000000001','33333333-0003-0003-0003-000000000001','f1111111-f111-f111-f111-000000000001','22222222-0002-0002-0002-000000000001','2026-07-01','07:00:00','SCHEDULED','Yaoundé',NULL,NULL,NULL,NULL,NULL,NULL,NULL,'Livraison Yaoundé-Douala Juillet',180000,'FIXED',NULL,NULL,NULL),
('t0000001-0001-0001-0001-000000000010','TRP-2026-0014','a1111111-a111-a111-a111-000000000012','33333333-0003-0003-0003-000000000007','f1111111-f111-f111-f111-000000000003','22222222-0002-0002-0002-000000000001','2026-07-02','08:00:00','SCHEDULED','Yaoundé Melen',NULL,NULL,NULL,NULL,NULL,NULL,NULL,'Transport institutionnel',120000,'FIXED',NULL,NULL,NULL),
('t0000002-0002-0002-0002-000000000005','TRP-2026-0015','a2222222-a222-a222-a222-000000000006','33333333-0003-0003-0003-000000000009','f2222222-f222-f222-f222-000000000002','22222222-0002-0002-0002-000000000002','2026-07-03','05:00:00','SCHEDULED','Port de Douala',NULL,NULL,NULL,NULL,NULL,NULL,NULL,'Transport fret Douala-Yaoundé',500000,'FIXED',NULL,NULL,NULL),
-- Trajets RETURNING
('t0000001-0001-0001-0001-000000000011','TRP-2026-0016','a1111111-a111-a111-a111-000000000002','33333333-0003-0003-0003-000000000002','f1111111-f111-f111-f111-000000000001','22222222-0002-0002-0002-000000000001','2026-06-28','06:00:00','RETURNING','Yaoundé Centre',133500,72,NULL,NULL,NULL,NULL,NULL,'Mission livraison en cours',160000,'PER_KM',NULL,NULL,NULL),
('t0000002-0002-0002-0002-000000000006','TRP-2026-0017','a2222222-a222-a222-a222-000000000008','33333333-0003-0003-0003-000000000010','f2222222-f222-f222-f222-000000000001','22222222-0002-0002-0002-000000000002','2026-06-29','07:30:00','DEPARTED','Douala Akwa',89560,70,NULL,NULL,NULL,NULL,NULL,'Transport matériaux chantier',90000,'FIXED',NULL,NULL,NULL),
-- Trajets M1 supplémentaires
('t0000001-0001-0001-0001-000000000012','TRP-2026-0018','a1111111-a111-a111-a111-000000000004','33333333-0003-0003-0003-000000000003','f1111111-f111-f111-f111-000000000002','22222222-0002-0002-0002-000000000001','2026-06-20','07:00:00','COMPLETED','Yaoundé',163000,78,'2026-06-20','18:00:00','Kribi',163185,55,'Tourisme Yaoundé-Kribi',195000,'FIXED',185,660,NOW()-INTERVAL '9 days'),
('t0000001-0001-0001-0001-000000000013','TRP-2026-0019','a1111111-a111-a111-a111-000000000005','33333333-0003-0003-0003-000000000006','f1111111-f111-f111-f111-000000000002','22222222-0002-0002-0002-000000000001','2026-06-22','05:30:00','COMPLETED','Dépôt Sud',95000,82,'2026-06-22','14:30:00','Ebolowa',95150,60,'Livraison produits agricoles',130000,'PER_KM',150,540,NOW()-INTERVAL '7 days'),
('t0000001-0001-0001-0001-000000000014','TRP-2026-0020','a1111111-a111-a111-a111-000000000006','33333333-0003-0003-0003-000000000008','f1111111-f111-f111-f111-000000000003','22222222-0002-0002-0002-000000000001','2026-06-25','06:00:00','COMPLETED','Yaoundé Tsinga',205000,90,'2026-06-25','22:00:00','Garoua',205480,40,'Transport fret nord',420000,'FIXED',480,960,NOW()-INTERVAL '4 days')
ON CONFLICT (id) DO NOTHING;

-- ── 5. INCIDENTS (20) ─────────────────────────────────────────────────────────
INSERT INTO fleet.incidents (id, type, description, severity, status, incident_date_time, vehicle_id, driver_id, cost, location_name, is_critical, created_at)
VALUES
('ic000001-0001-0001-0001-000000000001','ACCIDENT','Accrochage léger en manœuvre parking','LOW','RESOLVED',NOW()-INTERVAL '27 days','a1111111-a111-a111-a111-000000000001','33333333-0003-0003-0003-000000000001',85000,'Yaoundé Centre Ville',false,NOW()-INTERVAL '27 days'),
('ic000001-0001-0001-0001-000000000002','BREAKDOWN','Panne moteur sur route nationale RN1','HIGH','RESOLVED',NOW()-INTERVAL '25 days','a1111111-a111-a111-a111-000000000002','33333333-0003-0003-0003-000000000002',320000,'RN1 km 145',true,NOW()-INTERVAL '25 days'),
('ic000001-0001-0001-0001-000000000003','TIRE_PUNCTURE','Crevaison double avant droit/gauche','MEDIUM','RESOLVED',NOW()-INTERVAL '23 days','a1111111-a111-a111-a111-000000000004','33333333-0003-0003-0003-000000000001',45000,'RN10 Bertoua',false,NOW()-INTERVAL '23 days'),
('ic000001-0001-0001-0001-000000000004','THEFT','Vol de carburant sur parking nuit','HIGH','OPEN',NOW()-INTERVAL '20 days','a1111111-a111-a111-a111-000000000005','33333333-0003-0003-0003-000000000003',150000,'Dépôt Ekounou',true,NOW()-INTERVAL '20 days'),
('ic000001-0001-0001-0001-000000000005','ACCIDENT','Collision arrière sur axe urbain','MEDIUM','RESOLVED',NOW()-INTERVAL '18 days','a1111111-a111-a111-a111-000000000006','33333333-0003-0003-0003-000000000006',200000,'Rond-point Express Yaoundé',false,NOW()-INTERVAL '18 days'),
('ic000002-0002-0002-0002-000000000001','BREAKDOWN','Surchauffe moteur sur autoroute','HIGH','RESOLVED',NOW()-INTERVAL '26 days','a2222222-a222-a222-a222-000000000001','33333333-0003-0003-0003-000000000004',280000,'Autoroute Douala-Yaoundé',true,NOW()-INTERVAL '26 days'),
('ic000002-0002-0002-0002-000000000002','TIRE_PUNCTURE','Crevaison sur piste forestière','LOW','RESOLVED',NOW()-INTERVAL '24 days','a2222222-a222-a222-a222-000000000002','33333333-0003-0003-0003-000000000005',35000,'Piste Mbanga',false,NOW()-INTERVAL '24 days'),
('ic000002-0002-0002-0002-000000000003','ACCIDENT','Glissade boue route mouillée','MEDIUM','RESOLVED',NOW()-INTERVAL '21 days','a2222222-a222-a222-a222-000000000003','33333333-0003-0003-0003-000000000009',175000,'RN3 Bafang',false,NOW()-INTERVAL '21 days'),
('ic000001-0001-0001-0001-000000000006','BREAKDOWN','Problème hydraulique sur chargement','MEDIUM','RESOLVED',NOW()-INTERVAL '16 days','a1111111-a111-a111-a111-000000000007','33333333-0003-0003-0003-000000000007',125000,'Yaoundé-Ngaoundéré',false,NOW()-INTERVAL '16 days'),
('ic000001-0001-0001-0001-000000000007','FINE','Excès de vitesse PK 78','LOW','CLOSED',NOW()-INTERVAL '14 days','a1111111-a111-a111-a111-000000000009','33333333-0003-0003-0003-000000000001',25000,'RN1 PK 78',false,NOW()-INTERVAL '14 days'),
('ic000001-0001-0001-0001-000000000008','ACCIDENT','Rayure portière quai chargement','LOW','CLOSED',NOW()-INTERVAL '12 days','a1111111-a111-a111-a111-000000000010','33333333-0003-0003-0003-000000000001',65000,'Entrepôt Yaoundé',false,NOW()-INTERVAL '12 days'),
('ic000002-0002-0002-0002-000000000004','BREAKDOWN','Défaillance système freinage','CRITICAL','RESOLVED',NOW()-INTERVAL '10 days','a2222222-a222-a222-a222-000000000006','33333333-0003-0003-0003-000000000009',550000,'RN1 Douala',true,NOW()-INTERVAL '10 days'),
('ic000001-0001-0001-0001-000000000009','TIRE_PUNCTURE','Crevaison pneu arrière droit','LOW','RESOLVED',NOW()-INTERVAL '9 days','a1111111-a111-a111-a111-000000000004','33333333-0003-0003-0003-000000000003',30000,'Kribi route',false,NOW()-INTERVAL '9 days'),
('ic000001-0001-0001-0001-000000000010','FINE','Non-respect feu rouge','LOW','CLOSED',NOW()-INTERVAL '7 days','a1111111-a111-a111-a111-000000000005','33333333-0003-0003-0003-000000000006',15000,'Carrefour Nlongkak',false,NOW()-INTERVAL '7 days'),
('ic000002-0002-0002-0002-000000000005','ACCIDENT','Accrochage portail entrepôt','MEDIUM','OPEN',NOW()-INTERVAL '5 days','a2222222-a222-a222-a222-000000000004','33333333-0003-0003-0003-000000000010',120000,'Entrepôt Douala',false,NOW()-INTERVAL '5 days'),
('ic000002-0002-0002-0002-000000000006','BREAKDOWN','Panne alternateur','MEDIUM','OPEN',NOW()-INTERVAL '4 days','a2222222-a222-a222-a222-000000000005','33333333-0003-0003-0003-000000000009',180000,'Bafoussam Centre',false,NOW()-INTERVAL '4 days'),
('ic000001-0001-0001-0001-000000000011','BREAKDOWN','Panne boîte de vitesse','HIGH','OPEN',NOW()-INTERVAL '3 days','a1111111-a111-a111-a111-000000000011','33333333-0003-0003-0003-000000000007',420000,'Yaoundé Melen',true,NOW()-INTERVAL '3 days'),
('ic000001-0001-0001-0001-000000000012','FINE','Surcharge constatée au pesage','MEDIUM','CLOSED',NOW()-INTERVAL '2 days','a1111111-a111-a111-a111-000000000010','33333333-0003-0003-0003-000000000008',75000,'Poste pesage RN1',false,NOW()-INTERVAL '2 days'),
('ic000002-0002-0002-0002-000000000007','TIRE_PUNCTURE','Éclatement pneu sous charge','HIGH','RESOLVED',NOW()-INTERVAL '1 day','a2222222-a222-a222-a222-000000000007','33333333-0003-0003-0003-000000000009',95000,'Route Bafang-Bafoussam',false,NOW()-INTERVAL '1 day'),
('ic000001-0001-0001-0001-000000000013','ACCIDENT','Collision légère parking supermarché','LOW','OPEN',NOW()-INTERVAL '6 hours','a1111111-a111-a111-a111-000000000012','33333333-0003-0003-0003-000000000008',45000,'Yaoundé Bastos',false,NOW()-INTERVAL '6 hours')
ON CONFLICT (id) DO NOTHING;

-- ── 6. MAINTENANCES (20) ──────────────────────────────────────────────────────
INSERT INTO fleet.maintenances (id, subject, cost, date_time, report, vehicle_id, driver_id, location_name, created_at)
VALUES
('mn000001-0001-0001-0001-000000000001','Vidange moteur + filtre huile',35000,NOW()-INTERVAL '28 days','Vidange complète 15W40, filtre remplacé','a1111111-a111-a111-a111-000000000001','33333333-0003-0003-0003-000000000001','Garage Central Yaoundé',NOW()-INTERVAL '28 days'),
('mn000001-0001-0001-0001-000000000002','Remplacement plaquettes de frein',65000,NOW()-INTERVAL '25 days','Plaquettes avant et arrière remplacées','a1111111-a111-a111-a111-000000000002','33333333-0003-0003-0003-000000000002','Atelier Mécanique Nlongkak',NOW()-INTERVAL '25 days'),
('mn000001-0001-0001-0001-000000000003','Révision 50 000 km',150000,NOW()-INTERVAL '22 days','Révision complète : filtres, courroie, bougies','a1111111-a111-a111-a111-000000000003',NULL,'Concessionnaire Toyota Yaoundé',NOW()-INTERVAL '22 days'),
('mn000001-0001-0001-0001-000000000004','Remplacement batterie 12V',45000,NOW()-INTERVAL '20 days','Batterie 85Ah remplacée, alternateur testé OK','a1111111-a111-a111-a111-000000000004','33333333-0003-0003-0003-000000000001','Garage Centre Douala',NOW()-INTERVAL '20 days'),
('mn000001-0001-0001-0001-000000000005','Réparation système climatisation',185000,NOW()-INTERVAL '18 days','Compresseur réparé, gaz rechargé R134a','a1111111-a111-a111-a111-000000000005','33333333-0003-0003-0003-000000000003','Centre Froid Auto Yaoundé',NOW()-INTERVAL '18 days'),
('mn000002-0002-0002-0002-000000000001','Vidange + filtre gasoil',40000,NOW()-INTERVAL '27 days','Vidange réalisée, filtre gasoil changé','a2222222-a222-a222-a222-000000000001','33333333-0003-0003-0003-000000000004','Garage Express Douala',NOW()-INTERVAL '27 days'),
('mn000002-0002-0002-0002-000000000002','Remplacement amortisseurs avant',220000,NOW()-INTERVAL '24 days','2 amortisseurs Bilstein installés','a2222222-a222-a222-a222-000000000002','33333333-0003-0003-0003-000000000005','Garage Poids-Lourds Douala',NOW()-INTERVAL '24 days'),
('mn000002-0002-0002-0002-000000000003','Révision générale camion lourd',480000,NOW()-INTERVAL '21 days','Révision complète moteur Cummins','a2222222-a222-a222-a222-000000000006','33333333-0003-0003-0003-000000000009','Centre SAV Iveco Douala',NOW()-INTERVAL '21 days'),
('mn000001-0001-0001-0001-000000000006','Remplacement pneumatiques (4)',280000,NOW()-INTERVAL '16 days','4 pneus Michelin 235/70R16 posés','a1111111-a111-a111-a111-000000000006','33333333-0003-0003-0003-000000000006','Centre Pneus Auto Yaoundé',NOW()-INTERVAL '16 days'),
('mn000001-0001-0001-0001-000000000007','Réparation carrosserie accrochage',125000,NOW()-INTERVAL '14 days','Débosselage + peinture portière droite','a1111111-a111-a111-a111-000000000007','33333333-0003-0003-0003-000000000007','Carrosserie Moderne Yaoundé',NOW()-INTERVAL '14 days'),
('mn000001-0001-0001-0001-000000000008','Remplacement courroie distribution',95000,NOW()-INTERVAL '12 days','Courroie + galet changés à 120 000 km','a1111111-a111-a111-a111-000000000009',NULL,'Atelier Yamé Yaoundé',NOW()-INTERVAL '12 days'),
('mn000002-0002-0002-0002-000000000004','Réparation système hydraulique freinage',550000,NOW()-INTERVAL '10 days','Maître cylindre + flexibles remplacés','a2222222-a222-a222-a222-000000000006','33333333-0003-0003-0003-000000000009','SAV Freins Pro Douala',NOW()-INTERVAL '10 days'),
('mn000001-0001-0001-0001-000000000009','Vidange boîte de vitesse automatique',85000,NOW()-INTERVAL '9 days','Huile ATF changée + filtre BVA','a1111111-a111-a111-a111-000000000001',NULL,'Garage Automat Pro',NOW()-INTERVAL '9 days'),
('mn000002-0002-0002-0002-000000000005','Remplacement alternateur défaillant',180000,NOW()-INTERVAL '4 days','Alternateur Bosch 150A posé','a2222222-a222-a222-a222-000000000005','33333333-0003-0003-0003-000000000009','Électricité Auto Douala',NOW()-INTERVAL '4 days'),
('mn000001-0001-0001-0001-000000000010','Réparation boîte de vitesse',420000,NOW()-INTERVAL '3 days','BV ZF démontée, synchroniseurs remplacés','a1111111-a111-a111-a111-000000000011','33333333-0003-0003-0003-000000000007','BVA Expert Yaoundé',NOW()-INTERVAL '3 days'),
('mn000001-0001-0001-0001-000000000011','Contrôle technique annuel',25000,NOW()-INTERVAL '15 days','CT passé avec avis favorable','a1111111-a111-a111-a111-000000000002',NULL,'Centre Contrôle Technique',NOW()-INTERVAL '15 days'),
('mn000002-0002-0002-0002-000000000006','Réglage injection diesel',75000,NOW()-INTERVAL '8 days','Injecteurs nettoyés, pression réglée','a2222222-a222-a222-a222-000000000007','33333333-0003-0003-0003-000000000009','Diesel Expert Douala',NOW()-INTERVAL '8 days'),
('mn000001-0001-0001-0001-000000000012','Remplacement éclairage LED',35000,NOW()-INTERVAL '6 days','Phares LED avant/arrière posés','a1111111-a111-a111-a111-000000000010',NULL,'Garage Électro-Auto',NOW()-INTERVAL '6 days'),
('mn000002-0002-0002-0002-000000000007','Révision 100 000 km poids lourd',650000,NOW()-INTERVAL '2 days','Grande révision complète Scania','a2222222-a222-a222-a222-000000000006',NULL,'SAV Scania Douala',NOW()-INTERVAL '2 days'),
('mn000001-0001-0001-0001-000000000013','Vidange rapide + niveaux',18000,NOW()-INTERVAL '1 day','Vidange 5W30, niveaux complétés','a1111111-a111-a111-a111-000000000012','33333333-0003-0003-0003-000000000008','Express Service Yaoundé',NOW()-INTERVAL '1 day')
ON CONFLICT (id) DO NOTHING;

-- ── 7. RECHARGES CARBURANT (20) ───────────────────────────────────────────────
INSERT INTO fleet.fuel_recharges (id, quantity, price, recharge_date_time, station_name, vehicle_id, driver_id, created_at)
VALUES
('fr000001-0001-0001-0001-000000000001',65,97500,NOW()-INTERVAL '28 days','Total Nlongkak Yaoundé','a1111111-a111-a111-a111-000000000001','33333333-0003-0003-0003-000000000001',NOW()-INTERVAL '28 days'),
('fr000001-0001-0001-0001-000000000002',58,87000,NOW()-INTERVAL '27 days','Shell Carrefour Yaoundé','a1111111-a111-a111-a111-000000000002','33333333-0003-0003-0003-000000000002',NOW()-INTERVAL '27 days'),
('fr000002-0002-0002-0002-000000000001',90,135000,NOW()-INTERVAL '26 days','Total Bonabéri Douala','a2222222-a222-a222-a222-000000000001','33333333-0003-0003-0003-000000000004',NOW()-INTERVAL '26 days'),
('fr000001-0001-0001-0001-000000000003',70,105000,NOW()-INTERVAL '25 days','Tradex Omnisport','a1111111-a111-a111-a111-000000000004','33333333-0003-0003-0003-000000000001',NOW()-INTERVAL '25 days'),
('fr000002-0002-0002-0002-000000000002',100,150000,NOW()-INTERVAL '24 days','Oilibya Port Douala','a2222222-a222-a222-a222-000000000002','33333333-0003-0003-0003-000000000005',NOW()-INTERVAL '24 days'),
('fr000001-0001-0001-0001-000000000004',60,90000,NOW()-INTERVAL '23 days','Total Mvog-Ada Yaoundé','a1111111-a111-a111-a111-000000000005','33333333-0003-0003-0003-000000000003',NOW()-INTERVAL '23 days'),
('fr000002-0002-0002-0002-000000000003',250,375000,NOW()-INTERVAL '22 days','Tradex Industrial Douala','a2222222-a222-a222-a222-000000000006','33333333-0003-0003-0003-000000000009',NOW()-INTERVAL '22 days'),
('fr000001-0001-0001-0001-000000000005',75,112500,NOW()-INTERVAL '20 days','Shell Bastos Yaoundé','a1111111-a111-a111-a111-000000000006','33333333-0003-0003-0003-000000000006',NOW()-INTERVAL '20 days'),
('fr000001-0001-0001-0001-000000000006',55,82500,NOW()-INTERVAL '18 days','Total Ngousso Yaoundé','a1111111-a111-a111-a111-000000000007','33333333-0003-0003-0003-000000000007',NOW()-INTERVAL '18 days'),
('fr000002-0002-0002-0002-000000000004',68,102000,NOW()-INTERVAL '17 days','Oilibya Akwa Douala','a2222222-a222-a222-a222-000000000004','33333333-0003-0003-0003-000000000010',NOW()-INTERVAL '17 days'),
('fr000001-0001-0001-0001-000000000007',80,120000,NOW()-INTERVAL '15 days','Tradex Essos Yaoundé','a1111111-a111-a111-a111-000000000009','33333333-0003-0003-0003-000000000001',NOW()-INTERVAL '15 days'),
('fr000001-0001-0001-0001-000000000008',65,97500,NOW()-INTERVAL '13 days','Total Mvog-Mbi Yaoundé','a1111111-a111-a111-a111-000000000010','33333333-0003-0003-0003-000000000008',NOW()-INTERVAL '13 days'),
('fr000002-0002-0002-0002-000000000005',300,450000,NOW()-INTERVAL '12 days','Shell Commercial Douala','a2222222-a222-a222-a222-000000000007','33333333-0003-0003-0003-000000000009',NOW()-INTERVAL '12 days'),
('fr000001-0001-0001-0001-000000000009',70,105000,NOW()-INTERVAL '10 days','Oilibya Melen Yaoundé','a1111111-a111-a111-a111-000000000001','33333333-0003-0003-0003-000000000001',NOW()-INTERVAL '10 days'),
('fr000001-0001-0001-0001-000000000010',55,82500,NOW()-INTERVAL '8 days','Tradex Nkolo Yaoundé','a1111111-a111-a111-a111-000000000012','33333333-0003-0003-0003-000000000008',NOW()-INTERVAL '8 days'),
('fr000002-0002-0002-0002-000000000006',85,127500,NOW()-INTERVAL '6 days','Total Ndokoti Douala','a2222222-a222-a222-a222-000000000003','33333333-0003-0003-0003-000000000009',NOW()-INTERVAL '6 days'),
('fr000001-0001-0001-0001-000000000011',62,93000,NOW()-INTERVAL '5 days','Shell Obili Yaoundé','a1111111-a111-a111-a111-000000000002','33333333-0003-0003-0003-000000000002',NOW()-INTERVAL '5 days'),
('fr000002-0002-0002-0002-000000000007',95,142500,NOW()-INTERVAL '3 days','Tradex Port Douala','a2222222-a222-a222-a222-000000000008','33333333-0003-0003-0003-000000000010',NOW()-INTERVAL '3 days'),
('fr000001-0001-0001-0001-000000000012',70,105000,NOW()-INTERVAL '2 days','Oilibya Centre Yaoundé','a1111111-a111-a111-a111-000000000004','33333333-0003-0003-0003-000000000003',NOW()-INTERVAL '2 days'),
('fr000001-0001-0001-0001-000000000013',58,87000,NOW()-INTERVAL '1 day','Total Ekounou Yaoundé','a1111111-a111-a111-a111-000000000005','33333333-0003-0003-0003-000000000006',NOW()-INTERVAL '1 day')
ON CONFLICT (id) DO NOTHING;

-- ── 8. DÉPENSES (20, liées aux incidents/maintenances/carburant) ──────────────
INSERT INTO fleet.expenses (id, expense_type, amount, description, expense_date, status, source_type, vehicle_id, vehicle_registration, fleet_id, manager_id, driver_id, created_at)
VALUES
('ex000001-0001-0001-0001-000000000001','FUEL',97500,'Plein carburant Total Nlongkak',NOW()-INTERVAL '28 days','APPROVED','AUTO','a1111111-a111-a111-a111-000000000001','LT-001-AA','f1111111-f111-f111-f111-000000000001','22222222-0002-0002-0002-000000000001','33333333-0003-0003-0003-000000000001',NOW()-INTERVAL '28 days'),
('ex000001-0001-0001-0001-000000000002','FUEL',87000,'Plein carburant Shell',NOW()-INTERVAL '27 days','APPROVED','AUTO','a1111111-a111-a111-a111-000000000002','LT-002-BB','f1111111-f111-f111-f111-000000000001','22222222-0002-0002-0002-000000000001','33333333-0003-0003-0003-000000000002',NOW()-INTERVAL '27 days'),
('ex000001-0001-0001-0001-000000000003','MAINTENANCE',35000,'Vidange moteur + filtre',NOW()-INTERVAL '28 days','APPROVED','AUTO','a1111111-a111-a111-a111-000000000001','LT-001-AA','f1111111-f111-f111-f111-000000000001','22222222-0002-0002-0002-000000000001',NULL,NOW()-INTERVAL '28 days'),
('ex000001-0001-0001-0001-000000000004','MAINTENANCE',65000,'Remplacement plaquettes frein',NOW()-INTERVAL '25 days','APPROVED','AUTO','a1111111-a111-a111-a111-000000000002','LT-002-BB','f1111111-f111-f111-f111-000000000001','22222222-0002-0002-0002-000000000001',NULL,NOW()-INTERVAL '25 days'),
('ex000001-0001-0001-0001-000000000005','INCIDENT',85000,'Réparation accrochage parking',NOW()-INTERVAL '27 days','APPROVED','AUTO','a1111111-a111-a111-a111-000000000001','LT-001-AA','f1111111-f111-f111-f111-000000000001','22222222-0002-0002-0002-000000000001','33333333-0003-0003-0003-000000000001',NOW()-INTERVAL '27 days'),
('ex000001-0001-0001-0001-000000000006','INCIDENT',320000,'Réparation panne moteur RN1',NOW()-INTERVAL '25 days','APPROVED','AUTO','a1111111-a111-a111-a111-000000000002','LT-002-BB','f1111111-f111-f111-f111-000000000001','22222222-0002-0002-0002-000000000001','33333333-0003-0003-0003-000000000002',NOW()-INTERVAL '25 days'),
('ex000001-0001-0001-0001-000000000007','FUEL',105000,'Plein Tradex Omnisport',NOW()-INTERVAL '25 days','APPROVED','AUTO','a1111111-a111-a111-a111-000000000004','DL-001-DD','f1111111-f111-f111-f111-000000000002','22222222-0002-0002-0002-000000000001','33333333-0003-0003-0003-000000000001',NOW()-INTERVAL '25 days'),
('ex000001-0001-0001-0001-000000000008','FINE',25000,'Amende excès de vitesse PK 78',NOW()-INTERVAL '14 days','APPROVED','MANUAL','a1111111-a111-a111-a111-000000000009','YA-009-DD','f1111111-f111-f111-f111-000000000002','22222222-0002-0002-0002-000000000001','33333333-0003-0003-0003-000000000001',NOW()-INTERVAL '14 days'),
('ex000001-0001-0001-0001-000000000009','TOLL',3500,'Péage autoroute Yaoundé-Douala',NOW()-INTERVAL '22 days','APPROVED','MANUAL','a1111111-a111-a111-a111-000000000001','LT-001-AA','f1111111-f111-f111-f111-000000000001','22222222-0002-0002-0002-000000000001','33333333-0003-0003-0003-000000000001',NOW()-INTERVAL '22 days'),
('ex000001-0001-0001-0001-000000000010','TOLL',3500,'Péage retour Douala-Yaoundé',NOW()-INTERVAL '22 days','APPROVED','MANUAL','a1111111-a111-a111-a111-000000000001','LT-001-AA','f1111111-f111-f111-f111-000000000001','22222222-0002-0002-0002-000000000001','33333333-0003-0003-0003-000000000001',NOW()-INTERVAL '22 days'),
('ex000001-0001-0001-0001-000000000011','MAINTENANCE',150000,'Révision 50 000 km',NOW()-INTERVAL '22 days','APPROVED','AUTO','a1111111-a111-a111-a111-000000000003','LT-003-CC','f1111111-f111-f111-f111-000000000001','22222222-0002-0002-0002-000000000001',NULL,NOW()-INTERVAL '22 days'),
('ex000002-0002-0002-0002-000000000001','FUEL',135000,'Plein Total Bonabéri',NOW()-INTERVAL '26 days','APPROVED','AUTO','a2222222-a222-a222-a222-000000000001','BN-001-FF','f2222222-f222-f222-f222-000000000001','22222222-0002-0002-0002-000000000002','33333333-0003-0003-0003-000000000004',NOW()-INTERVAL '26 days'),
('ex000002-0002-0002-0002-000000000002','INCIDENT',280000,'Surchauffe moteur autoroute',NOW()-INTERVAL '26 days','APPROVED','AUTO','a2222222-a222-a222-a222-000000000001','BN-001-FF','f2222222-f222-f222-f222-000000000001','22222222-0002-0002-0002-000000000002','33333333-0003-0003-0003-000000000004',NOW()-INTERVAL '26 days'),
('ex000002-0002-0002-0002-000000000003','FUEL',450000,'Plein grand réservoir Scania',NOW()-INTERVAL '12 days','APPROVED','AUTO','a2222222-a222-a222-a222-000000000007','BN-007-LL','f2222222-f222-f222-f222-000000000002','22222222-0002-0002-0002-000000000002','33333333-0003-0003-0003-000000000009',NOW()-INTERVAL '12 days'),
('ex000002-0002-0002-0002-000000000004','MAINTENANCE',550000,'Réparation système freinage',NOW()-INTERVAL '10 days','APPROVED','AUTO','a2222222-a222-a222-a222-000000000006','BN-006-KK','f2222222-f222-f222-f222-000000000002','22222222-0002-0002-0002-000000000002','33333333-0003-0003-0003-000000000009',NOW()-INTERVAL '10 days'),
('ex000001-0001-0001-0001-000000000012','OTHER',45000,'Parking longue durée entrepôt',NOW()-INTERVAL '11 days','PENDING','MANUAL','a1111111-a111-a111-a111-000000000006','YA-006-AA','f1111111-f111-f111-f111-000000000001','22222222-0002-0002-0002-000000000001','33333333-0003-0003-0003-000000000006',NOW()-INTERVAL '11 days'),
('ex000001-0001-0001-0001-000000000013','TOLL',7000,'Péage Yaoundé-Bertoua (aller-retour)',NOW()-INTERVAL '5 days','PENDING','MANUAL','a1111111-a111-a111-a111-000000000004','DL-001-DD','f1111111-f111-f111-f111-000000000002','22222222-0002-0002-0002-000000000001','33333333-0003-0003-0003-000000000001',NOW()-INTERVAL '5 days'),
('ex000002-0002-0002-0002-000000000005','FINE',75000,'Amende surcharge pesage',NOW()-INTERVAL '2 days','PENDING','MANUAL','a2222222-a222-a222-a222-000000000006','BN-006-KK','f2222222-f222-f222-f222-000000000002','22222222-0002-0002-0002-000000000002','33333333-0003-0003-0003-000000000009',NOW()-INTERVAL '2 days'),
('ex000001-0001-0001-0001-000000000014','FUEL',82500,'Plein Tradex Nkolo',NOW()-INTERVAL '8 days','APPROVED','AUTO','a1111111-a111-a111-a111-000000000012','YA-012-GG','f1111111-f111-f111-f111-000000000003','22222222-0002-0002-0002-000000000001','33333333-0003-0003-0003-000000000008',NOW()-INTERVAL '8 days'),
('ex000001-0001-0001-0001-000000000015','MAINTENANCE',280000,'Remplacement pneumatiques x4',NOW()-INTERVAL '16 days','APPROVED','AUTO','a1111111-a111-a111-a111-000000000006','YA-006-AA','f1111111-f111-f111-f111-000000000001','22222222-0002-0002-0002-000000000001','33333333-0003-0003-0003-000000000006',NOW()-INTERVAL '16 days')
ON CONFLICT (id) DO NOTHING;

-- ── 9. BUDGETS (6 budgets mensuels) ──────────────────────────────────────────
INSERT INTO fleet.budgets (id, scope, entity_id, manager_id, budget_month, amount, consumed, alert_level, is_exceeded, is_closed, notes, created_at)
VALUES
('bg000001-0001-0001-0001-000000000001','FLEET','f1111111-f111-f111-f111-000000000001','22222222-0002-0002-0002-000000000001','2026-06-01',2500000,1847000,'WARNING',false,false,'Budget flotte Yaoundé juin 2026',NOW()-INTERVAL '30 days'),
('bg000001-0001-0001-0001-000000000002','FLEET','f1111111-f111-f111-f111-000000000002','22222222-0002-0002-0002-000000000001','2026-06-01',1800000,1234000,'NORMAL',false,false,'Budget flotte Douala juin 2026',NOW()-INTERVAL '30 days'),
('bg000002-0002-0002-0002-000000000001','FLEET','f2222222-f222-f222-f222-000000000001','22222222-0002-0002-0002-000000000002','2026-06-01',3000000,2890000,'CRITICAL',false,false,'Budget flotte Douala Commerce juin 2026',NOW()-INTERVAL '30 days'),
('bg000002-0002-0002-0002-000000000002','FLEET','f2222222-f222-f222-f222-000000000002','22222222-0002-0002-0002-000000000002','2026-06-01',4000000,4250000,'EXCEEDED',true,false,'Budget flotte Transport Lourd juin 2026',NOW()-INTERVAL '30 days'),
('bg000001-0001-0001-0001-000000000003','FLEET','f1111111-f111-f111-f111-000000000001','22222222-0002-0002-0002-000000000001','2026-05-01',2500000,2100000,'NORMAL',false,true,'Budget flotte Yaoundé mai 2026 (clôturé)',NOW()-INTERVAL '60 days'),
('bg000001-0001-0001-0001-000000000004','VEHICLE','a1111111-a111-a111-a111-000000000001','22222222-0002-0002-0002-000000000001','2026-06-01',500000,385000,'NORMAL',false,false,'Budget LT-001-AA juin 2026',NOW()-INTERVAL '30 days')
ON CONFLICT (id) DO NOTHING;

-- ── 10. PLANNINGS (5) + AFFECTATIONS (20) ────────────────────────────────────
INSERT INTO fleet.schedules (id, fleet_id, manager_id, title, period_type, start_date, end_date, status, notes, created_at, updated_at)
VALUES
('sc000001-0001-0001-0001-000000000001','f1111111-f111-f111-f111-000000000001','22222222-0002-0002-0002-000000000001','Planning Semaine 26 - Flotte Yaoundé','WEEKLY','2026-06-23','2026-06-28','PUBLISHED','Planning opérationnel semaine 26',NOW()-INTERVAL '15 days',NOW()-INTERVAL '15 days'),
('sc000001-0001-0001-0001-000000000002','f1111111-f111-f111-f111-000000000002','22222222-0002-0002-0002-000000000001','Planning Juin - Flotte Douala','MONTHLY','2026-06-01','2026-06-30','PUBLISHED','Planning mensuel flotte Douala',NOW()-INTERVAL '30 days',NOW()-INTERVAL '30 days'),
('sc000002-0002-0002-0002-000000000001','f2222222-f222-f222-f222-000000000001','22222222-0002-0002-0002-000000000002','Planning Transport Commerce Douala','WEEKLY','2026-06-23','2026-06-28','PUBLISHED','Navettes et livraisons commerce',NOW()-INTERVAL '15 days',NOW()-INTERVAL '15 days'),
('sc000001-0001-0001-0001-000000000003','f1111111-f111-f111-f111-000000000001','22222222-0002-0002-0002-000000000001','Planning Semaine 27 - Flotte Yaoundé','WEEKLY','2026-06-30','2026-07-05','DRAFT','Planning en préparation',NOW()-INTERVAL '2 days',NOW()-INTERVAL '2 days'),
('sc000002-0002-0002-0002-000000000002','f2222222-f222-f222-f222-000000000002','22222222-0002-0002-0002-000000000002','Planning Juillet - Transport Lourd','MONTHLY','2026-07-01','2026-07-31','DRAFT','Planification juillet poids lourds',NOW()-INTERVAL '1 day',NOW()-INTERVAL '1 day')
ON CONFLICT (id) DO NOTHING;

INSERT INTO fleet.assignments (id, schedule_id, fleet_id, vehicle_id, driver_id, start_datetime, end_datetime, status, start_location, end_location, estimated_km, notes, created_at, updated_at)
VALUES
('as000001-0001-0001-0001-000000000001','sc000001-0001-0001-0001-000000000001','f1111111-f111-f111-f111-000000000001','a1111111-a111-a111-a111-000000000001','33333333-0003-0003-0003-000000000001','2026-06-23 07:00:00','2026-06-23 18:00:00','COMPLETED','Yaoundé Centre','Douala',275,'Livraison quotidienne',NOW()-INTERVAL '15 days',NOW()-INTERVAL '6 days'),
('as000001-0001-0001-0001-000000000002','sc000001-0001-0001-0001-000000000001','f1111111-f111-f111-f111-000000000001','a1111111-a111-a111-a111-000000000002','33333333-0003-0003-0003-000000000002','2026-06-24 07:00:00','2026-06-24 17:00:00','COMPLETED','Yaoundé','Bafoussam',185,'Transport personnel',NOW()-INTERVAL '15 days',NOW()-INTERVAL '5 days'),
('as000001-0001-0001-0001-000000000003','sc000001-0001-0001-0001-000000000001','f1111111-f111-f111-f111-000000000001','a1111111-a111-a111-a111-000000000004','33333333-0003-0003-0003-000000000001','2026-06-25 06:00:00','2026-06-25 20:00:00','COMPLETED','Yaoundé','Bertoua',350,'Mission spéciale',NOW()-INTERVAL '15 days',NOW()-INTERVAL '4 days'),
('as000001-0001-0001-0001-000000000004','sc000001-0001-0001-0001-000000000001','f1111111-f111-f111-f111-000000000001','a1111111-a111-a111-a111-000000000005','33333333-0003-0003-0003-000000000003','2026-06-26 07:00:00','2026-06-26 15:00:00','COMPLETED','Yaoundé Nord','Mbalmayo',140,'Transport scolaire',NOW()-INTERVAL '15 days',NOW()-INTERVAL '3 days'),
('as000001-0001-0001-0001-000000000005','sc000001-0001-0001-0001-000000000001','f1111111-f111-f111-f111-000000000001','a1111111-a111-a111-a111-000000000006','33333333-0003-0003-0003-000000000006','2026-06-27 06:30:00','2026-06-27 19:00:00','COMPLETED','Dépôt Principal','Douala',275,'Conteneur livraison',NOW()-INTERVAL '15 days',NOW()-INTERVAL '2 days'),
('as000001-0001-0001-0001-000000000006','sc000001-0001-0001-0001-000000000001','f1111111-f111-f111-f111-000000000001','a1111111-a111-a111-a111-000000000007','33333333-0003-0003-0003-000000000007','2026-06-28 08:00:00','2026-06-28 16:00:00','COMPLETED','Yaoundé','Ngaoundéré',580,'Express passagers',NOW()-INTERVAL '15 days',NOW()-INTERVAL '1 day'),
('as000001-0001-0001-0001-000000000007','sc000001-0001-0001-0001-000000000002','f1111111-f111-f111-f111-000000000002','a1111111-a111-a111-a111-000000000009','33333333-0003-0003-0003-000000000008','2026-06-10 07:00:00','2026-06-10 17:00:00','COMPLETED','Douala','Kribi',165,'Liaison côtière',NOW()-INTERVAL '20 days',NOW()-INTERVAL '19 days'),
('as000001-0001-0001-0001-000000000008','sc000001-0001-0001-0001-000000000002','f1111111-f111-f111-f111-000000000002','a1111111-a111-a111-a111-000000000010','33333333-0003-0003-0003-000000000008','2026-06-12 07:00:00','2026-06-12 20:00:00','COMPLETED','Douala','Ebolowa',200,'Transport agricole',NOW()-INTERVAL '20 days',NOW()-INTERVAL '17 days'),
('as000002-0002-0002-0002-000000000001','sc000002-0002-0002-0002-000000000001','f2222222-f222-f222-f222-000000000001','a2222222-a222-a222-a222-000000000001','33333333-0003-0003-0003-000000000004','2026-06-23 07:00:00','2026-06-23 17:00:00','COMPLETED','Bonabéri','Douala Centre',45,'Navette personnel',NOW()-INTERVAL '15 days',NOW()-INTERVAL '6 days'),
('as000002-0002-0002-0002-000000000002','sc000002-0002-0002-0002-000000000001','f2222222-f222-f222-f222-000000000001','a2222222-a222-a222-a222-000000000002','33333333-0003-0003-0003-000000000005','2026-06-24 08:00:00','2026-06-24 22:00:00','COMPLETED','Port Douala','Yaoundé',300,'Fret portuaire',NOW()-INTERVAL '15 days',NOW()-INTERVAL '5 days'),
('as000002-0002-0002-0002-000000000003','sc000002-0002-0002-0002-000000000001','f2222222-f222-f222-f222-000000000001','a2222222-a222-a222-a222-000000000003','33333333-0003-0003-0003-000000000009','2026-06-25 05:00:00','2026-06-25 14:00:00','COMPLETED','Port Douala','Bafang',200,'Cargaison lourde',NOW()-INTERVAL '15 days',NOW()-INTERVAL '4 days'),
('as000002-0002-0002-0002-000000000004','sc000002-0002-0002-0002-000000000001','f2222222-f222-f222-f222-000000000001','a2222222-a222-a222-a222-000000000004','33333333-0003-0003-0003-000000000010','2026-06-26 07:30:00','2026-06-26 12:30:00','COMPLETED','Douala','Edéa',95,'Livraison express',NOW()-INTERVAL '15 days',NOW()-INTERVAL '3 days'),
('as000001-0001-0001-0001-000000000009','sc000001-0001-0001-0001-000000000003','f1111111-f111-f111-f111-000000000001','a1111111-a111-a111-a111-000000000001','33333333-0003-0003-0003-000000000001','2026-06-30 07:00:00','2026-06-30 18:00:00','PENDING','Yaoundé','Douala',275,'Planning semaine 27',NOW()-INTERVAL '2 days',NOW()-INTERVAL '2 days'),
('as000001-0001-0001-0001-000000000010','sc000001-0001-0001-0001-000000000003','f1111111-f111-f111-f111-000000000001','a1111111-a111-a111-a111-000000000012','33333333-0003-0003-0003-000000000007','2026-07-01 08:00:00','2026-07-01 16:00:00','PENDING','Yaoundé Melen','Ngaoundéré',580,'Transport institutionnel',NOW()-INTERVAL '2 days',NOW()-INTERVAL '2 days'),
('as000001-0001-0001-0001-000000000011','sc000001-0001-0001-0001-000000000003','f1111111-f111-f111-f111-000000000001','a1111111-a111-a111-a111-000000000009','33333333-0003-0003-0003-000000000008','2026-07-02 07:00:00','2026-07-02 17:00:00','PENDING','Yaoundé','Kribi',185,'Mission côtière',NOW()-INTERVAL '2 days',NOW()-INTERVAL '2 days'),
('as000002-0002-0002-0002-000000000005','sc000002-0002-0002-0002-000000000002','f2222222-f222-f222-f222-000000000002','a2222222-a222-a222-a222-000000000006','33333333-0003-0003-0003-000000000009','2026-07-03 05:00:00','2026-07-03 19:00:00','PENDING','Port Douala','Yaoundé',300,'Transport juillet fret',NOW()-INTERVAL '1 day',NOW()-INTERVAL '1 day'),
('as000002-0002-0002-0002-000000000006','sc000002-0002-0002-0002-000000000002','f2222222-f222-f222-f222-000000000002','a2222222-a222-a222-a222-000000000007','33333333-0003-0003-0003-000000000009','2026-07-07 05:00:00','2026-07-07 18:00:00','PENDING','Douala','Ngaoundéré',600,'Fret lourd Nord',NOW()-INTERVAL '1 day',NOW()-INTERVAL '1 day'),
('as000001-0001-0001-0001-000000000012','sc000001-0001-0001-0001-000000000002','f1111111-f111-f111-f111-000000000002','a1111111-a111-a111-a111-000000000004','33333333-0003-0003-0003-000000000001','2026-06-16 07:00:00','2026-06-16 15:00:00','COMPLETED','Douala','Yaoundé',275,'Retour marchandises',NOW()-INTERVAL '20 days',NOW()-INTERVAL '13 days'),
('as000001-0001-0001-0001-000000000013','sc000001-0001-0001-0001-000000000002','f1111111-f111-f111-f111-000000000002','a1111111-a111-a111-a111-000000000005','33333333-0003-0003-0003-000000000003','2026-06-18 06:00:00','2026-06-18 16:00:00','COMPLETED','Douala','Bafoussam',295,'Transport régulier',NOW()-INTERVAL '20 days',NOW()-INTERVAL '11 days'),
('as000002-0002-0002-0002-000000000007','sc000002-0002-0002-0002-000000000001','f2222222-f222-f222-f222-000000000001','a2222222-a222-a222-a222-000000000008','33333333-0003-0003-0003-000000000010','2026-06-27 07:30:00','2026-06-27 14:30:00','COMPLETED','Douala','Edéa',95,'Livraison matériaux',NOW()-INTERVAL '15 days',NOW()-INTERVAL '2 days')
ON CONFLICT (id) DO NOTHING;

-- ── Résumé ────────────────────────────────────────────────────────────────────
SELECT 'vehicles' as table_name, count(*) FROM fleet.vehicles
UNION ALL SELECT 'trips', count(*) FROM fleet.trips
UNION ALL SELECT 'incidents', count(*) FROM fleet.incidents
UNION ALL SELECT 'maintenances', count(*) FROM fleet.maintenances
UNION ALL SELECT 'fuel_recharges', count(*) FROM fleet.fuel_recharges
UNION ALL SELECT 'expenses', count(*) FROM fleet.expenses
UNION ALL SELECT 'budgets', count(*) FROM fleet.budgets
UNION ALL SELECT 'schedules', count(*) FROM fleet.schedules
UNION ALL SELECT 'assignments', count(*) FROM fleet.assignments
UNION ALL SELECT 'drivers', count(*) FROM fleet.drivers
ORDER BY 1;
